File,Total Reads,Aligned Reads,align.percent,Unaligned Reads,Ambiguously Aligned Reads,No Genomic Sequence,Duplicate Reads (removed),Unique Reads (remaining),Total Cs,Methylated CpGs,Unmethylated CpGs,Methylated chgs,Unmethylated chgs,Methylated CHHs,Unmethylated CHHs,mean.per.alignment,sem.per.alignment
C28_control_1_val_1_bismark_bt2_pe.bam,84751018,39988253,47.1832126,37186508,7576177,80,20960629,19027624,580415974,2939597,83471897,1038143,102241006,4309156,386416175,45.09573353,1.32336073
C32_control_1_val_1_bismark_bt2_pe.bam,106451326,39072909,36.70495283,61195589,6182772,56,18650466,20422443,692009157,3188788,96858840,978476,120146326,4117945,466718782,,
C25_control_1_val_1_bismark_bt2_pe.bam,69112392,34204086,49.49052552,28074228,6834040,38,15014608,19189478,549695735,2771221,80255648,921582,97691544,3705489,364350251,,
C31_control_1_val_1_bismark_bt2_pe.bam,96793135,36603922,37.81665094,54190248,5998894,71,22314618,14289304,473122510,2171546,65910427,676299,81727061,2838912,319798265,,
C27_control_1_val_1_bismark_bt2_pe.bam,112085120,55385854,49.41410064,44024606,12674580,80,25088820,30297034,808842856,4170564,118632405,1373472,144350269,5535858,534780288,,
E12_enriched_1_val_1_bismark_bt2_pe.bam,89218672,40819362,45.75203944,40822736,7576533,41,22097734,18721628,561972841,2744606,80149526,959172,98296005,3906296,375917236,,
E1_enriched_1_val_1_bismark_bt2_pe.bam,80183590,35725551,44.5546913,37921180,6536828,31,18995674,16729877,515948473,2460731,73352335,880504,89842766,3540145,345871992,,
C21_control_1_val_1_bismark_bt2_pe.bam,111464975,55564950,49.84969494,43665153,12234788,84,30326395,25238555,692581470,3351253,98567560,1236953,120717213,5126347,463582144,,